x-axis,1,2,3
second,Volt,Volt,Volt
+19.800E-03,+1.937500E+00,+2.612500E+00,+2.550000E+00
+19.900E-03,+1.937500E+00,+2.425000E+00,+2.331250E+00
+20.000E-03,+1.906250E+00,+2.237500E+00,+2.081250E+00
+20.100E-03,+1.906250E+00,+1.987500E+00,+1.862500E+00
+20.200E-03,+1.843750E+00,+1.800000E+00,+1.706250E+00
+20.300E-03,+1.781250E+00,+1.706250E+00,+1.675000E+00
+20.400E-03,+1.812500E+00,+1.643750E+00,+1.675000E+00
+20.500E-03,+1.750000E+00,+1.643750E+00,+1.706250E+00
+20.600E-03,+1.718750E+00,+1.675000E+00,+1.706250E+00
+20.700E-03,+1.656250E+00,+1.737500E+00,+1.768750E+00
+20.800E-03,+1.656250E+00,+1.706250E+00,+1.768750E+00
+20.900E-03,+1.625000E+00,+1.737500E+00,+1.737500E+00
+21.000E-03,+1.593750E+00,+1.675000E+00,+1.706250E+00
+21.100E-03,+1.531250E+00,+1.643750E+00,+1.675000E+00
+21.200E-03,+1.500000E+00,+1.643750E+00,+1.612500E+00
+21.300E-03,+1.531250E+00,+1.581250E+00,+1.581250E+00
+21.400E-03,+1.500000E+00,+1.550000E+00,+1.518750E+00
+21.500E-03,+1.500000E+00,+1.487500E+00,+1.518750E+00
+21.600E-03,+1.500000E+00,+1.487500E+00,+1.487500E+00
+21.700E-03,+1.500000E+00,+1.487500E+00,+1.518750E+00
+21.800E-03,+1.500000E+00,+1.487500E+00,+1.518750E+00
+21.900E-03,+1.500000E+00,+1.518750E+00,+1.550000E+00
+22.000E-03,+1.562500E+00,+1.518750E+00,+1.550000E+00
+22.100E-03,+1.656250E+00,+1.550000E+00,+1.612500E+00
+22.200E-03,+1.687500E+00,+1.581250E+00,+1.675000E+00
+22.300E-03,+1.750000E+00,+1.643750E+00,+1.675000E+00
+22.400E-03,+1.812500E+00,+1.706250E+00,+1.768750E+00
+22.500E-03,+1.906250E+00,+1.768750E+00,+1.800000E+00
+22.600E-03,+2.000000E+00,+1.831250E+00,+1.925000E+00
+22.700E-03,+2.125000E+00,+1.956250E+00,+2.050000E+00
+22.800E-03,+2.218750E+00,+2.050000E+00,+2.112500E+00
+22.900E-03,+2.343750E+00,+2.175000E+00,+2.268750E+00
+23.000E-03,+2.468750E+00,+2.300000E+00,+2.362500E+00
+23.100E-03,+2.625000E+00,+2.425000E+00,+2.518750E+00
+23.200E-03,+2.718750E+00,+2.550000E+00,+2.643750E+00
+23.300E-03,+2.843750E+00,+2.706250E+00,+2.800000E+00
+23.400E-03,+3.000000E+00,+2.831250E+00,+2.925000E+00
+23.500E-03,+3.093750E+00,+2.956250E+00,+3.018750E+00
+23.600E-03,+3.156250E+00,+3.050000E+00,+3.175000E+00
+23.700E-03,+3.218750E+00,+3.206250E+00,+3.268750E+00
+23.800E-03,+3.312500E+00,+3.268750E+00,+3.331250E+00
+23.900E-03,+3.343750E+00,+3.331250E+00,+3.393750E+00
+24.000E-03,+3.343750E+00,+3.425000E+00,+3.425000E+00
+24.100E-03,+3.312500E+00,+3.425000E+00,+3.456250E+00
+24.200E-03,+3.281250E+00,+3.425000E+00,+3.425000E+00
+24.300E-03,+3.218750E+00,+3.425000E+00,+3.362500E+00
+24.400E-03,+3.093750E+00,+3.331250E+00,+3.300000E+00
+24.500E-03,+3.000000E+00,+3.237500E+00,+3.206250E+00
+24.600E-03,+2.843750E+00,+3.143750E+00,+3.081250E+00
+24.700E-03,+2.687500E+00,+3.018750E+00,+2.925000E+00
+24.800E-03,+2.500000E+00,+2.831250E+00,+2.737500E+00
+24.900E-03,+2.343750E+00,+2.643750E+00,+2.550000E+00
+25.000E-03,+2.156250E+00,+2.487500E+00,+2.362500E+00
+25.100E-03,+2.000000E+00,+2.268750E+00,+2.175000E+00
+25.200E-03,+1.843750E+00,+2.081250E+00,+1.987500E+00
+25.300E-03,+1.687500E+00,+1.893750E+00,+1.800000E+00
+25.400E-03,+1.593750E+00,+1.768750E+00,+1.643750E+00
+25.500E-03,+1.531250E+00,+1.581250E+00,+1.550000E+00
+25.600E-03,+1.468750E+00,+1.487500E+00,+1.456250E+00
+25.700E-03,+1.500000E+00,+1.456250E+00,+1.393750E+00
+25.800E-03,+1.531250E+00,+1.425000E+00,+1.425000E+00
+25.900E-03,+1.656250E+00,+1.425000E+00,+1.487500E+00
+26.000E-03,+1.812500E+00,+1.518750E+00,+1.581250E+00
+26.100E-03,+1.937500E+00,+1.612500E+00,+1.706250E+00
+26.200E-03,+2.156250E+00,+1.768750E+00,+1.925000E+00
+26.300E-03,+2.375000E+00,+2.018750E+00,+2.143750E+00
+26.400E-03,+2.562500E+00,+2.206250E+00,+2.331250E+00
+26.500E-03,+2.781250E+00,+2.425000E+00,+2.643750E+00
+26.600E-03,+2.937500E+00,+2.675000E+00,+2.831250E+00
+26.700E-03,+3.125000E+00,+2.925000E+00,+3.081250E+00
+26.800E-03,+3.281250E+00,+3.143750E+00,+3.237500E+00
+26.900E-03,+3.312500E+00,+3.300000E+00,+3.362500E+00
+27.000E-03,+3.312500E+00,+3.425000E+00,+3.487500E+00
+27.100E-03,+3.312500E+00,+3.487500E+00,+3.518750E+00
+27.200E-03,+3.218750E+00,+3.518750E+00,+3.456250E+00
+27.300E-03,+3.062500E+00,+3.456250E+00,+3.393750E+00
+27.400E-03,+2.875000E+00,+3.331250E+00,+3.268750E+00
+27.500E-03,+2.625000E+00,+3.143750E+00,+2.987500E+00
+27.600E-03,+2.406250E+00,+2.925000E+00,+2.737500E+00
+27.700E-03,+2.156250E+00,+2.612500E+00,+2.487500E+00
+27.800E-03,+1.937500E+00,+2.331250E+00,+2.175000E+00
+27.900E-03,+1.750000E+00,+2.050000E+00,+1.925000E+00
+28.000E-03,+1.593750E+00,+1.800000E+00,+1.675000E+00
+28.100E-03,+1.531250E+00,+1.581250E+00,+1.487500E+00
+28.200E-03,+1.468750E+00,+1.456250E+00,+1.362500E+00
+28.300E-03,+1.531250E+00,+1.362500E+00,+1.300000E+00
+28.400E-03,+1.687500E+00,+1.331250E+00,+1.393750E+00
+28.500E-03,+1.875000E+00,+1.425000E+00,+1.518750E+00
+28.600E-03,+2.093750E+00,+1.612500E+00,+1.706250E+00
+28.700E-03,+2.375000E+00,+1.800000E+00,+1.987500E+00
+28.800E-03,+2.593750E+00,+2.112500E+00,+2.268750E+00
+28.900E-03,+2.875000E+00,+2.425000E+00,+2.612500E+00
+29.000E-03,+3.093750E+00,+2.706250E+00,+2.925000E+00
+29.100E-03,+3.281250E+00,+3.050000E+00,+3.237500E+00
+29.200E-03,+3.312500E+00,+3.300000E+00,+3.425000E+00
+29.300E-03,+3.312500E+00,+3.456250E+00,+3.581250E+00
+29.400E-03,+3.281250E+00,+3.581250E+00,+3.612500E+00
+29.500E-03,+3.125000E+00,+3.581250E+00,+3.550000E+00
+29.600E-03,+2.875000E+00,+3.487500E+00,+3.362500E+00
+29.700E-03,+2.656250E+00,+3.268750E+00,+3.112500E+00
+29.800E-03,+2.312500E+00,+2.987500E+00,+2.800000E+00
+29.900E-03,+2.062500E+00,+2.675000E+00,+2.425000E+00
+30.000E-03,+1.812500E+00,+2.300000E+00,+2.081250E+00
+30.100E-03,+1.625000E+00,+1.893750E+00,+1.737500E+00
+30.200E-03,+1.500000E+00,+1.643750E+00,+1.487500E+00
+30.300E-03,+1.500000E+00,+1.425000E+00,+1.300000E+00
+30.400E-03,+1.593750E+00,+1.268750E+00,+1.268750E+00
+30.500E-03,+1.750000E+00,+1.268750E+00,+1.300000E+00
+30.600E-03,+2.000000E+00,+1.393750E+00,+1.518750E+00
+30.700E-03,+2.281250E+00,+1.643750E+00,+1.768750E+00
+30.800E-03,+2.593750E+00,+1.925000E+00,+2.112500E+00
+30.900E-03,+2.937500E+00,+2.300000E+00,+2.581250E+00
+31.000E-03,+3.093750E+00,+2.643750E+00,+2.925000E+00
+31.100E-03,+3.281250E+00,+3.050000E+00,+3.268750E+00
+31.200E-03,+3.375000E+00,+3.362500E+00,+3.518750E+00
+31.300E-03,+3.312500E+00,+3.550000E+00,+3.612500E+00
+31.400E-03,+3.125000E+00,+3.643750E+00,+3.643750E+00
+31.500E-03,+2.906250E+00,+3.581250E+00,+3.487500E+00
+31.600E-03,+2.625000E+00,+3.393750E+00,+3.268750E+00
+31.700E-03,+2.250000E+00,+3.081250E+00,+2.862500E+00
+31.800E-03,+1.906250E+00,+2.675000E+00,+2.425000E+00
+31.900E-03,+1.718750E+00,+2.268750E+00,+2.018750E+00
+32.000E-03,+1.562500E+00,+1.893750E+00,+1.612500E+00
+32.100E-03,+1.500000E+00,+1.550000E+00,+1.362500E+00
+32.200E-03,+1.593750E+00,+1.331250E+00,+1.206250E+00
+32.300E-03,+1.750000E+00,+1.206250E+00,+1.206250E+00
+32.400E-03,+2.031250E+00,+1.300000E+00,+1.362500E+00
+32.500E-03,+2.343750E+00,+1.487500E+00,+1.706250E+00
+32.600E-03,+2.656250E+00,+1.831250E+00,+2.081250E+00
+32.700E-03,+2.968750E+00,+2.237500E+00,+2.518750E+00
+32.800E-03,+3.187500E+00,+2.737500E+00,+3.018750E+00
+32.900E-03,+3.312500E+00,+3.143750E+00,+3.393750E+00
+33.000E-03,+3.312500E+00,+3.425000E+00,+3.643750E+00
+33.100E-03,+3.187500E+00,+3.675000E+00,+3.706250E+00
+33.200E-03,+2.937500E+00,+3.675000E+00,+3.643750E+00
+33.300E-03,+2.625000E+00,+3.550000E+00,+3.393750E+00
+33.400E-03,+2.281250E+00,+3.206250E+00,+3.018750E+00
+33.500E-03,+1.937500E+00,+2.800000E+00,+2.581250E+00
+33.600E-03,+1.687500E+00,+2.362500E+00,+2.081250E+00
+33.700E-03,+1.500000E+00,+1.893750E+00,+1.643750E+00
+33.800E-03,+1.531250E+00,+1.487500E+00,+1.268750E+00
+33.900E-03,+1.625000E+00,+1.237500E+00,+1.175000E+00
+34.000E-03,+1.875000E+00,+1.175000E+00,+1.237500E+00
+34.100E-03,+2.218750E+00,+1.300000E+00,+1.425000E+00
+34.200E-03,+2.562500E+00,+1.581250E+00,+1.831250E+00
+34.300E-03,+2.875000E+00,+2.018750E+00,+2.268750E+00
+34.400E-03,+3.187500E+00,+2.487500E+00,+2.768750E+00
+34.500E-03,+3.375000E+00,+2.987500E+00,+3.268750E+00
+34.600E-03,+3.312500E+00,+3.393750E+00,+3.581250E+00
+34.700E-03,+3.187500E+00,+3.643750E+00,+3.768750E+00
+34.800E-03,+2.906250E+00,+3.706250E+00,+3.706250E+00
+34.900E-03,+2.531250E+00,+3.581250E+00,+3.456250E+00
+35.000E-03,+2.187500E+00,+3.237500E+00,+3.018750E+00
+35.100E-03,+1.812500E+00,+2.831250E+00,+2.487500E+00
+35.200E-03,+1.562500E+00,+2.300000E+00,+1.987500E+00
+35.300E-03,+1.500000E+00,+1.768750E+00,+1.487500E+00
+35.400E-03,+1.531250E+00,+1.425000E+00,+1.175000E+00
+35.500E-03,+1.781250E+00,+1.175000E+00,+1.112500E+00
+35.600E-03,+2.093750E+00,+1.175000E+00,+1.268750E+00
+35.700E-03,+2.468750E+00,+1.362500E+00,+1.581250E+00
+35.800E-03,+2.843750E+00,+1.831250E+00,+2.081250E+00
+35.900E-03,+3.156250E+00,+2.268750E+00,+2.612500E+00
+36.000E-03,+3.312500E+00,+2.831250E+00,+3.175000E+00
+36.100E-03,+3.250000E+00,+3.300000E+00,+3.581250E+00
+36.200E-03,+3.156250E+00,+3.643750E+00,+3.768750E+00
+36.300E-03,+2.843750E+00,+3.737500E+00,+3.706250E+00
+36.400E-03,+2.500000E+00,+3.612500E+00,+3.518750E+00
+36.500E-03,+2.062500E+00,+3.268750E+00,+3.018750E+00
+36.600E-03,+1.718750E+00,+2.768750E+00,+2.456250E+00
+36.700E-03,+1.531250E+00,+2.206250E+00,+1.893750E+00
+36.800E-03,+1.500000E+00,+1.706250E+00,+1.456250E+00
+36.900E-03,+1.625000E+00,+1.331250E+00,+1.175000E+00
+37.000E-03,+1.937500E+00,+1.143750E+00,+1.175000E+00
+37.100E-03,+2.343750E+00,+1.206250E+00,+1.331250E+00
+37.200E-03,+2.750000E+00,+1.518750E+00,+1.768750E+00
+37.300E-03,+3.093750E+00,+2.018750E+00,+2.331250E+00
+37.400E-03,+3.281250E+00,+2.612500E+00,+2.925000E+00
+37.500E-03,+3.343750E+00,+3.112500E+00,+3.425000E+00
+37.600E-03,+3.218750E+00,+3.550000E+00,+3.737500E+00
+37.700E-03,+2.875000E+00,+3.737500E+00,+3.800000E+00
+37.800E-03,+2.500000E+00,+3.675000E+00,+3.550000E+00
+37.900E-03,+2.031250E+00,+3.331250E+00,+3.081250E+00
+38.000E-03,+1.718750E+00,+2.893750E+00,+2.550000E+00
+38.100E-03,+1.531250E+00,+2.300000E+00,+1.925000E+00
+38.200E-03,+1.500000E+00,+1.706250E+00,+1.456250E+00
+38.300E-03,+1.718750E+00,+1.300000E+00,+1.175000E+00
+38.400E-03,+2.031250E+00,+1.143750E+00,+1.112500E+00
+38.500E-03,+2.468750E+00,+1.268750E+00,+1.393750E+00
+38.600E-03,+2.875000E+00,+1.612500E+00,+1.893750E+00
+38.700E-03,+3.187500E+00,+2.112500E+00,+2.487500E+00
+38.800E-03,+3.312500E+00,+2.737500E+00,+3.112500E+00
+38.900E-03,+3.281250E+00,+3.268750E+00,+3.550000E+00
+39.000E-03,+3.031250E+00,+3.643750E+00,+3.800000E+00
+39.100E-03,+2.625000E+00,+3.737500E+00,+3.737500E+00
+39.200E-03,+2.156250E+00,+3.581250E+00,+3.362500E+00
+39.300E-03,+1.843750E+00,+3.143750E+00,+2.862500E+00
+39.400E-03,+1.531250E+00,+2.581250E+00,+2.237500E+00
+39.500E-03,+1.531250E+00,+1.956250E+00,+1.612500E+00
+39.600E-03,+1.687500E+00,+1.456250E+00,+1.237500E+00
+39.700E-03,+2.031250E+00,+1.175000E+00,+1.081250E+00
+39.800E-03,+2.468750E+00,+1.237500E+00,+1.331250E+00
+39.900E-03,+2.843750E+00,+1.456250E+00,+1.737500E+00
+40.000E-03,+3.218750E+00,+2.018750E+00,+2.362500E+00
+40.100E-03,+3.343750E+00,+2.612500E+00,+2.956250E+00
+40.200E-03,+3.218750E+00,+3.175000E+00,+3.487500E+00
+40.300E-03,+3.000000E+00,+3.612500E+00,+3.768750E+00
+40.400E-03,+2.531250E+00,+3.706250E+00,+3.737500E+00
+40.500E-03,+2.093750E+00,+3.550000E+00,+3.362500E+00
+40.600E-03,+1.750000E+00,+3.112500E+00,+2.800000E+00
+40.700E-03,+1.531250E+00,+2.550000E+00,+2.143750E+00
+40.800E-03,+1.500000E+00,+1.893750E+00,+1.581250E+00
+40.900E-03,+1.750000E+00,+1.393750E+00,+1.206250E+00
+41.000E-03,+2.156250E+00,+1.206250E+00,+1.175000E+00
+41.100E-03,+2.625000E+00,+1.268750E+00,+1.393750E+00
+41.200E-03,+3.031250E+00,+1.612500E+00,+1.893750E+00
+41.300E-03,+3.281250E+00,+2.175000E+00,+2.550000E+00
+41.400E-03,+3.312500E+00,+2.800000E+00,+3.175000E+00
+41.500E-03,+3.156250E+00,+3.331250E+00,+3.612500E+00
+41.600E-03,+2.781250E+00,+3.612500E+00,+3.737500E+00
+41.700E-03,+2.281250E+00,+3.643750E+00,+3.612500E+00
+41.800E-03,+1.843750E+00,+3.331250E+00,+3.081250E+00
+41.900E-03,+1.562500E+00,+2.800000E+00,+2.425000E+00
+42.000E-03,+1.500000E+00,+2.175000E+00,+1.862500E+00
+42.100E-03,+1.687500E+00,+1.612500E+00,+1.362500E+00
+42.200E-03,+2.093750E+00,+1.300000E+00,+1.206250E+00
+42.300E-03,+2.562500E+00,+1.237500E+00,+1.331250E+00
+42.400E-03,+2.968750E+00,+1.487500E+00,+1.737500E+00
+42.500E-03,+3.250000E+00,+1.987500E+00,+2.362500E+00
+42.600E-03,+3.312500E+00,+2.643750E+00,+3.050000E+00
+42.700E-03,+3.156250E+00,+3.237500E+00,+3.518750E+00
+42.800E-03,+2.750000E+00,+3.612500E+00,+3.706250E+00
+42.900E-03,+2.250000E+00,+3.612500E+00,+3.581250E+00
+43.000E-03,+1.843750E+00,+3.393750E+00,+3.112500E+00
+43.100E-03,+1.562500E+00,+2.862500E+00,+2.487500E+00
+43.200E-03,+1.562500E+00,+2.206250E+00,+1.831250E+00
+43.300E-03,+1.750000E+00,+1.675000E+00,+1.331250E+00
+43.400E-03,+2.125000E+00,+1.300000E+00,+1.175000E+00
+43.500E-03,+2.656250E+00,+1.268750E+00,+1.393750E+00
+43.600E-03,+3.062500E+00,+1.581250E+00,+1.831250E+00
+43.700E-03,+3.281250E+00,+2.081250E+00,+2.487500E+00
+43.800E-03,+3.250000E+00,+2.706250E+00,+3.081250E+00
+43.900E-03,+3.000000E+00,+3.300000E+00,+3.550000E+00
+44.000E-03,+2.593750E+00,+3.581250E+00,+3.675000E+00
+44.100E-03,+2.062500E+00,+3.550000E+00,+3.425000E+00
+44.200E-03,+1.718750E+00,+3.237500E+00,+2.925000E+00
+44.300E-03,+1.500000E+00,+2.643750E+00,+2.300000E+00
+44.400E-03,+1.625000E+00,+2.018750E+00,+1.675000E+00
+44.500E-03,+1.906250E+00,+1.550000E+00,+1.331250E+00
+44.600E-03,+2.406250E+00,+1.268750E+00,+1.268750E+00
+44.700E-03,+2.906250E+00,+1.425000E+00,+1.581250E+00
+44.800E-03,+3.250000E+00,+1.800000E+00,+2.143750E+00
+44.900E-03,+3.312500E+00,+2.425000E+00,+2.768750E+00
+45.000E-03,+3.125000E+00,+3.050000E+00,+3.362500E+00
+45.100E-03,+2.718750E+00,+3.487500E+00,+3.612500E+00
+45.200E-03,+2.250000E+00,+3.550000E+00,+3.550000E+00
+45.300E-03,+1.750000E+00,+3.362500E+00,+3.143750E+00
+45.400E-03,+1.531250E+00,+2.893750E+00,+2.487500E+00
+45.500E-03,+1.562500E+00,+2.268750E+00,+1.862500E+00
+45.600E-03,+1.843750E+00,+1.706250E+00,+1.425000E+00
+45.700E-03,+2.281250E+00,+1.393750E+00,+1.268750E+00
+45.800E-03,+2.812500E+00,+1.362500E+00,+1.487500E+00
+45.900E-03,+3.218750E+00,+1.737500E+00,+2.018750E+00
+46.000E-03,+3.312500E+00,+2.268750E+00,+2.675000E+00
+46.100E-03,+3.156250E+00,+2.893750E+00,+3.237500E+00
+46.200E-03,+2.781250E+00,+3.300000E+00,+3.581250E+00
+46.300E-03,+2.250000E+00,+3.518750E+00,+3.550000E+00
+46.400E-03,+1.812500E+00,+3.362500E+00,+3.206250E+00
+46.500E-03,+1.562500E+00,+2.893750E+00,+2.581250E+00
+46.600E-03,+1.593750E+00,+2.300000E+00,+1.956250E+00
+46.700E-03,+1.875000E+00,+1.737500E+00,+1.456250E+00
+46.800E-03,+2.343750E+00,+1.425000E+00,+1.331250E+00
+46.900E-03,+2.906250E+00,+1.393750E+00,+1.581250E+00
+47.000E-03,+3.218750E+00,+1.768750E+00,+2.018750E+00
+47.100E-03,+3.312500E+00,+2.300000E+00,+2.706250E+00
+47.200E-03,+3.093750E+00,+2.862500E+00,+3.237500E+00
+47.300E-03,+2.687500E+00,+3.331250E+00,+3.518750E+00
+47.400E-03,+2.125000E+00,+3.518750E+00,+3.425000E+00
+47.500E-03,+1.718750E+00,+3.300000E+00,+3.050000E+00
+47.600E-03,+1.531250E+00,+2.800000E+00,+2.456250E+00
+47.700E-03,+1.656250E+00,+2.237500E+00,+1.893750E+00
+47.800E-03,+2.000000E+00,+1.706250E+00,+1.425000E+00
+47.900E-03,+2.531250E+00,+1.425000E+00,+1.393750E+00
+48.000E-03,+3.000000E+00,+1.550000E+00,+1.643750E+00
+48.100E-03,+3.281250E+00,+1.956250E+00,+2.237500E+00
+48.200E-03,+3.281250E+00,+2.518750E+00,+2.862500E+00
+48.300E-03,+2.937500E+00,+3.081250E+00,+3.331250E+00
+48.400E-03,+2.500000E+00,+3.425000E+00,+3.550000E+00
+48.500E-03,+1.937500E+00,+3.425000E+00,+3.331250E+00
+48.600E-03,+1.593750E+00,+3.081250E+00,+2.800000E+00
+48.700E-03,+1.500000E+00,+2.581250E+00,+2.175000E+00
+48.800E-03,+1.812500E+00,+1.956250E+00,+1.643750E+00
+48.900E-03,+2.281250E+00,+1.550000E+00,+1.393750E+00
+49.000E-03,+2.843750E+00,+1.456250E+00,+1.487500E+00
+49.100E-03,+3.187500E+00,+1.675000E+00,+1.956250E+00
+49.200E-03,+3.281250E+00,+2.206250E+00,+2.518750E+00
+49.300E-03,+3.125000E+00,+2.800000E+00,+3.143750E+00
+49.400E-03,+2.625000E+00,+3.206250E+00,+3.425000E+00
+49.500E-03,+2.093750E+00,+3.362500E+00,+3.425000E+00
+49.600E-03,+1.687500E+00,+3.268750E+00,+3.050000E+00
+49.700E-03,+1.500000E+00,+2.737500E+00,+2.393750E+00
+49.800E-03,+1.718750E+00,+2.206250E+00,+1.831250E+00
+49.900E-03,+2.125000E+00,+1.706250E+00,+1.487500E+00
+50.000E-03,+2.687500E+00,+1.487500E+00,+1.456250E+00
+50.100E-03,+3.156250E+00,+1.612500E+00,+1.831250E+00
+50.200E-03,+3.312500E+00,+2.050000E+00,+2.393750E+00
+50.300E-03,+3.156250E+00,+2.643750E+00,+3.018750E+00
+50.400E-03,+2.750000E+00,+3.112500E+00,+3.393750E+00
+50.500E-03,+2.187500E+00,+3.362500E+00,+3.425000E+00
+50.600E-03,+1.718750E+00,+3.268750E+00,+3.112500E+00
+50.700E-03,+1.468750E+00,+2.800000E+00,+2.581250E+00
+50.800E-03,+1.687500E+00,+2.268750E+00,+1.925000E+00
+50.900E-03,+2.125000E+00,+1.800000E+00,+1.581250E+00
+51.000E-03,+2.593750E+00,+1.550000E+00,+1.518750E+00
+51.100E-03,+3.125000E+00,+1.612500E+00,+1.768750E+00
+51.200E-03,+3.281250E+00,+2.018750E+00,+2.331250E+00
+51.300E-03,+3.187500E+00,+2.612500E+00,+2.956250E+00
+51.400E-03,+2.750000E+00,+3.081250E+00,+3.300000E+00
+51.500E-03,+2.156250E+00,+3.362500E+00,+3.393750E+00
+51.600E-03,+1.718750E+00,+3.237500E+00,+3.081250E+00
+51.700E-03,+1.531250E+00,+2.831250E+00,+2.518750E+00
+51.800E-03,+1.687500E+00,+2.300000E+00,+1.956250E+00
+51.900E-03,+2.156250E+00,+1.800000E+00,+1.581250E+00
+52.000E-03,+2.687500E+00,+1.581250E+00,+1.550000E+00
+52.100E-03,+3.156250E+00,+1.643750E+00,+1.800000E+00
+52.200E-03,+3.312500E+00,+2.081250E+00,+2.393750E+00
+52.300E-03,+3.125000E+00,+2.643750E+00,+2.956250E+00
+52.400E-03,+2.625000E+00,+3.112500E+00,+3.300000E+00
+52.500E-03,+2.093750E+00,+3.331250E+00,+3.331250E+00
+52.600E-03,+1.656250E+00,+3.175000E+00,+2.987500E+00
+52.700E-03,+1.562500E+00,+2.737500E+00,+2.425000E+00
+52.800E-03,+1.781250E+00,+2.175000E+00,+1.893750E+00
+52.900E-03,+2.281250E+00,+1.768750E+00,+1.581250E+00
+53.000E-03,+2.843750E+00,+1.581250E+00,+1.581250E+00
+53.100E-03,+3.250000E+00,+1.800000E+00,+1.956250E+00
+53.200E-03,+3.281250E+00,+2.206250E+00,+2.550000E+00
+53.300E-03,+2.968750E+00,+2.768750E+00,+3.081250E+00
+53.400E-03,+2.437500E+00,+3.175000E+00,+3.331250E+00
+53.500E-03,+1.906250E+00,+3.268750E+00,+3.237500E+00
+53.600E-03,+1.593750E+00,+3.050000E+00,+2.831250E+00
+53.700E-03,+1.593750E+00,+2.581250E+00,+2.237500E+00
+53.800E-03,+1.968750E+00,+2.050000E+00,+1.737500E+00
+53.900E-03,+2.531250E+00,+1.675000E+00,+1.581250E+00
+54.000E-03,+3.031250E+00,+1.675000E+00,+1.737500E+00
+54.100E-03,+3.281250E+00,+1.956250E+00,+2.175000E+00
+54.200E-03,+3.187500E+00,+2.425000E+00,+2.800000E+00
+54.300E-03,+2.718750E+00,+2.893750E+00,+3.206250E+00
+54.400E-03,+2.187500E+00,+3.206250E+00,+3.300000E+00
+54.500E-03,+1.687500E+00,+3.206250E+00,+3.081250E+00
+54.600E-03,+1.531250E+00,+2.831250E+00,+2.581250E+00
+54.700E-03,+1.750000E+00,+2.300000E+00,+2.018750E+00
+54.800E-03,+2.281250E+00,+1.831250E+00,+1.643750E+00
+54.900E-03,+2.843750E+00,+1.643750E+00,+1.643750E+00
+55.000E-03,+3.218750E+00,+1.800000E+00,+1.987500E+00
+55.100E-03,+3.250000E+00,+2.206250E+00,+2.487500E+00
+55.200E-03,+3.000000E+00,+2.706250E+00,+3.018750E+00
+55.300E-03,+2.406250E+00,+3.112500E+00,+3.300000E+00
+55.400E-03,+1.875000E+00,+3.206250E+00,+3.175000E+00
+55.500E-03,+1.500000E+00,+3.018750E+00,+2.737500E+00
+55.600E-03,+1.656250E+00,+2.518750E+00,+2.175000E+00
+55.700E-03,+2.062500E+00,+1.987500E+00,+1.768750E+00
+55.800E-03,+2.656250E+00,+1.675000E+00,+1.643750E+00
+55.900E-03,+3.125000E+00,+1.706250E+00,+1.831250E+00
+56.000E-03,+3.281250E+00,+2.050000E+00,+2.331250E+00
+56.100E-03,+3.062500E+00,+2.550000E+00,+2.831250E+00
+56.200E-03,+2.531250E+00,+2.987500E+00,+3.237500E+00
+56.300E-03,+2.000000E+00,+3.206250E+00,+3.206250E+00
+56.400E-03,+1.562500E+00,+3.050000E+00,+2.925000E+00
+56.500E-03,+1.562500E+00,+2.643750E+00,+2.300000E+00
+56.600E-03,+1.968750E+00,+2.143750E+00,+1.862500E+00
+56.700E-03,+2.500000E+00,+1.768750E+00,+1.643750E+00
+56.800E-03,+3.031250E+00,+1.706250E+00,+1.768750E+00
+56.900E-03,+3.312500E+00,+1.956250E+00,+2.206250E+00
+57.000E-03,+3.156250E+00,+2.393750E+00,+2.768750E+00
+57.100E-03,+2.593750E+00,+2.925000E+00,+3.143750E+00
+57.200E-03,+2.031250E+00,+3.175000E+00,+3.206250E+00
+57.300E-03,+1.625000E+00,+3.081250E+00,+2.956250E+00
+57.400E-03,+1.562500E+00,+2.706250E+00,+2.393750E+00
+57.500E-03,+1.906250E+00,+2.237500E+00,+1.925000E+00
+57.600E-03,+2.500000E+00,+1.831250E+00,+1.643750E+00
+57.700E-03,+3.031250E+00,+1.737500E+00,+1.768750E+00
+57.800E-03,+3.312500E+00,+1.956250E+00,+2.206250E+00
+57.900E-03,+3.156250E+00,+2.393750E+00,+2.706250E+00
+58.000E-03,+2.687500E+00,+2.862500E+00,+3.143750E+00
+58.100E-03,+2.031250E+00,+3.143750E+00,+3.206250E+00
+58.200E-03,+1.625000E+00,+3.081250E+00,+2.956250E+00
+58.300E-03,+1.562500E+00,+2.675000E+00,+2.456250E+00
+58.400E-03,+1.875000E+00,+2.237500E+00,+1.956250E+00
+58.500E-03,+2.437500E+00,+1.862500E+00,+1.675000E+00
+58.600E-03,+3.093750E+00,+1.768750E+00,+1.768750E+00
+58.700E-03,+3.281250E+00,+1.956250E+00,+2.175000E+00
+58.800E-03,+3.187500E+00,+2.362500E+00,+2.706250E+00
+58.900E-03,+2.656250E+00,+2.893750E+00,+3.112500E+00
+59.000E-03,+2.000000E+00,+3.143750E+00,+3.175000E+00
+59.100E-03,+1.593750E+00,+3.050000E+00,+2.925000E+00
+59.200E-03,+1.562500E+00,+2.675000E+00,+2.425000E+00
+59.300E-03,+1.968750E+00,+2.175000E+00,+1.925000E+00
+59.400E-03,+2.593750E+00,+1.831250E+00,+1.706250E+00
+59.500E-03,+3.093750E+00,+1.768750E+00,+1.831250E+00
+59.600E-03,+3.312500E+00,+2.018750E+00,+2.268750E+00
+59.700E-03,+3.093750E+00,+2.456250E+00,+2.800000E+00
+59.800E-03,+2.562500E+00,+2.925000E+00,+3.143750E+00
+59.900E-03,+1.937500E+00,+3.112500E+00,+3.175000E+00
+60.000E-03,+1.562500E+00,+2.987500E+00,+2.862500E+00
+60.100E-03,+1.625000E+00,+2.612500E+00,+2.331250E+00
+60.200E-03,+2.093750E+00,+2.112500E+00,+1.862500E+00
+60.300E-03,+2.687500E+00,+1.768750E+00,+1.737500E+00
+60.400E-03,+3.187500E+00,+1.800000E+00,+1.956250E+00
+60.500E-03,+3.312500E+00,+2.112500E+00,+2.393750E+00
+60.600E-03,+2.968750E+00,+2.581250E+00,+2.862500E+00
+60.700E-03,+2.343750E+00,+2.956250E+00,+3.143750E+00
+60.800E-03,+1.781250E+00,+3.112500E+00,+3.081250E+00
+60.900E-03,+1.531250E+00,+2.893750E+00,+2.706250E+00
+61.000E-03,+1.718750E+00,+2.456250E+00,+2.175000E+00
+61.100E-03,+2.250000E+00,+1.987500E+00,+1.768750E+00
+61.200E-03,+2.843750E+00,+1.768750E+00,+1.768750E+00
+61.300E-03,+3.281250E+00,+1.925000E+00,+2.050000E+00
+61.400E-03,+3.218750E+00,+2.268750E+00,+2.550000E+00
+61.500E-03,+2.750000E+00,+2.706250E+00,+3.018750E+00
+61.600E-03,+2.156250E+00,+3.018750E+00,+3.143750E+00
+61.700E-03,+1.625000E+00,+3.050000E+00,+2.956250E+00
+61.800E-03,+1.500000E+00,+2.706250E+00,+2.487500E+00
+61.900E-03,+1.906250E+00,+2.300000E+00,+2.018750E+00
+62.000E-03,+2.500000E+00,+1.893750E+00,+1.768750E+00
+62.100E-03,+3.125000E+00,+1.800000E+00,+1.831250E+00
+62.200E-03,+3.312500E+00,+2.018750E+00,+2.237500E+00
+62.300E-03,+3.062500E+00,+2.425000E+00,+2.768750E+00
+62.400E-03,+2.500000E+00,+2.893750E+00,+3.081250E+00
+62.500E-03,+1.875000E+00,+3.050000E+00,+3.112500E+00
+62.600E-03,+1.531250E+00,+2.956250E+00,+2.768750E+00
+62.700E-03,+1.687500E+00,+2.550000E+00,+2.268750E+00
+62.800E-03,+2.187500E+00,+2.081250E+00,+1.831250E+00
+62.900E-03,+2.875000E+00,+1.862500E+00,+1.768750E+00
+63.000E-03,+3.250000E+00,+1.862500E+00,+2.018750E+00
+63.100E-03,+3.281250E+00,+2.237500E+00,+2.487500E+00
+63.200E-03,+2.781250E+00,+2.675000E+00,+2.956250E+00
+63.300E-03,+2.156250E+00,+3.018750E+00,+3.112500E+00
+63.400E-03,+1.656250E+00,+3.050000E+00,+2.893750E+00
+63.500E-03,+1.531250E+00,+2.737500E+00,+2.487500E+00
+63.600E-03,+1.937500E+00,+2.268750E+00,+2.018750E+00
+63.700E-03,+2.562500E+00,+1.925000E+00,+1.768750E+00
+63.800E-03,+3.093750E+00,+1.862500E+00,+1.893750E+00
+63.900E-03,+3.281250E+00,+2.050000E+00,+2.268750E+00
+64.000E-03,+3.000000E+00,+2.518750E+00,+2.737500E+00
+64.100E-03,+2.406250E+00,+2.862500E+00,+3.081250E+00
+64.200E-03,+1.781250E+00,+3.018750E+00,+3.050000E+00
+64.300E-03,+1.531250E+00,+2.893750E+00,+2.706250E+00
+64.400E-03,+1.750000E+00,+2.487500E+00,+2.206250E+00
+64.500E-03,+2.343750E+00,+2.050000E+00,+1.831250E+00
+64.600E-03,+3.000000E+00,+1.862500E+00,+1.800000E+00
+64.700E-03,+3.312500E+00,+1.956250E+00,+2.112500E+00
+64.800E-03,+3.187500E+00,+2.331250E+00,+2.581250E+00
+64.900E-03,+2.593750E+00,+2.768750E+00,+2.987500E+00
+65.000E-03,+1.937500E+00,+3.018750E+00,+3.112500E+00
+65.100E-03,+1.531250E+00,+2.956250E+00,+2.831250E+00
+65.200E-03,+1.625000E+00,+2.612500E+00,+2.331250E+00
+65.300E-03,+2.156250E+00,+2.143750E+00,+1.925000E+00
+65.400E-03,+2.812500E+00,+1.893750E+00,+1.768750E+00
+65.500E-03,+3.250000E+00,+1.925000E+00,+2.050000E+00
+65.600E-03,+3.250000E+00,+2.206250E+00,+2.487500E+00
+65.700E-03,+2.750000E+00,+2.643750E+00,+2.893750E+00
+65.800E-03,+2.093750E+00,+2.987500E+00,+3.112500E+00
+65.900E-03,+1.593750E+00,+3.018750E+00,+2.925000E+00
+66.000E-03,+1.562500E+00,+2.675000E+00,+2.456250E+00
+66.100E-03,+1.968750E+00,+2.268750E+00,+2.050000E+00
+66.200E-03,+2.687500E+00,+1.956250E+00,+1.831250E+00
+66.300E-03,+3.187500E+00,+1.893750E+00,+1.956250E+00
+66.400E-03,+3.312500E+00,+2.112500E+00,+2.362500E+00
+66.500E-03,+2.875000E+00,+2.581250E+00,+2.831250E+00
+66.600E-03,+2.250000E+00,+2.893750E+00,+3.081250E+00
+66.700E-03,+1.687500E+00,+3.018750E+00,+2.956250E+00
+66.800E-03,+1.531250E+00,+2.768750E+00,+2.550000E+00
+66.900E-03,+1.906250E+00,+2.331250E+00,+2.081250E+00
+67.000E-03,+2.625000E+00,+1.987500E+00,+1.800000E+00
+67.100E-03,+3.156250E+00,+1.893750E+00,+1.956250E+00
+67.200E-03,+3.281250E+00,+2.112500E+00,+2.331250E+00
+67.300E-03,+2.937500E+00,+2.518750E+00,+2.831250E+00
+67.400E-03,+2.281250E+00,+2.893750E+00,+3.050000E+00
+67.500E-03,+1.687500E+00,+2.956250E+00,+2.956250E+00
+67.600E-03,+1.562500E+00,+2.768750E+00,+2.612500E+00
+67.700E-03,+1.843750E+00,+2.362500E+00,+2.143750E+00
+67.800E-03,+2.531250E+00,+2.018750E+00,+1.862500E+00
+67.900E-03,+3.125000E+00,+1.925000E+00,+1.893750E+00
+68.000E-03,+3.312500E+00,+2.081250E+00,+2.268750E+00
+68.100E-03,+2.968750E+00,+2.456250E+00,+2.768750E+00
+68.200E-03,+2.343750E+00,+2.862500E+00,+3.018750E+00
+68.300E-03,+1.750000E+00,+3.018750E+00,+2.956250E+00
+68.400E-03,+1.500000E+00,+2.800000E+00,+2.612500E+00
+68.500E-03,+1.875000E+00,+2.362500E+00,+2.175000E+00
+68.600E-03,+2.562500E+00,+2.050000E+00,+1.831250E+00
+68.700E-03,+3.093750E+00,+1.893750E+00,+1.925000E+00
+68.800E-03,+3.281250E+00,+2.081250E+00,+2.300000E+00
+68.900E-03,+2.937500E+00,+2.487500E+00,+2.706250E+00
+69.000E-03,+2.281250E+00,+2.831250E+00,+3.018750E+00
+69.100E-03,+1.656250E+00,+2.987500E+00,+2.956250E+00
+69.200E-03,+1.531250E+00,+2.800000E+00,+2.612500E+00
+69.300E-03,+1.906250E+00,+2.362500E+00,+2.143750E+00
+69.400E-03,+2.593750E+00,+2.081250E+00,+1.862500E+00
+69.500E-03,+3.125000E+00,+1.893750E+00,+1.956250E+00
+69.600E-03,+3.312500E+00,+2.112500E+00,+2.331250E+00
+69.700E-03,+2.906250E+00,+2.487500E+00,+2.737500E+00
+69.800E-03,+2.218750E+00,+2.862500E+00,+3.018750E+00
+69.900E-03,+1.656250E+00,+2.956250E+00,+2.925000E+00
+70.000E-03,+1.500000E+00,+2.737500E+00,+2.518750E+00
+70.100E-03,+1.937500E+00,+2.331250E+00,+2.081250E+00
+70.200E-03,+2.625000E+00,+2.018750E+00,+1.893750E+00
+70.300E-03,+3.187500E+00,+1.925000E+00,+1.987500E+00
+70.400E-03,+3.281250E+00,+2.143750E+00,+2.362500E+00
+70.500E-03,+2.843750E+00,+2.550000E+00,+2.831250E+00
+70.600E-03,+2.156250E+00,+2.893750E+00,+3.018750E+00
+70.700E-03,+1.625000E+00,+2.925000E+00,+2.831250E+00
+70.800E-03,+1.562500E+00,+2.675000E+00,+2.487500E+00
+70.900E-03,+2.062500E+00,+2.268750E+00,+2.050000E+00
+71.000E-03,+2.750000E+00,+1.987500E+00,+1.893750E+00
+71.100E-03,+3.281250E+00,+1.987500E+00,+2.050000E+00
+71.200E-03,+3.218750E+00,+2.237500E+00,+2.456250E+00
+71.300E-03,+2.687500E+00,+2.612500E+00,+2.893750E+00
+71.400E-03,+2.031250E+00,+2.893750E+00,+3.050000E+00
+71.500E-03,+1.562500E+00,+2.893750E+00,+2.800000E+00
+71.600E-03,+1.656250E+00,+2.612500E+00,+2.393750E+00
+71.700E-03,+2.218750E+00,+2.175000E+00,+2.018750E+00
+71.800E-03,+2.906250E+00,+1.956250E+00,+1.893750E+00
+71.900E-03,+3.343750E+00,+2.018750E+00,+2.143750E+00
+72.000E-03,+3.125000E+00,+2.331250E+00,+2.550000E+00
+72.100E-03,+2.562500E+00,+2.737500E+00,+2.893750E+00
+72.200E-03,+1.843750E+00,+2.925000E+00,+2.987500E+00
+72.300E-03,+1.531250E+00,+2.831250E+00,+2.706250E+00
+72.400E-03,+1.750000E+00,+2.518750E+00,+2.237500E+00
+72.500E-03,+2.437500E+00,+2.143750E+00,+1.925000E+00
+72.600E-03,+3.062500E+00,+1.893750E+00,+1.925000E+00
+72.700E-03,+3.312500E+00,+2.081250E+00,+2.268750E+00
+72.800E-03,+3.000000E+00,+2.456250E+00,+2.675000E+00
+72.900E-03,+2.312500E+00,+2.768750E+00,+2.987500E+00
+73.000E-03,+1.687500E+00,+2.925000E+00,+2.925000E+00
+73.100E-03,+1.531250E+00,+2.737500E+00,+2.581250E+00
+73.200E-03,+1.968750E+00,+2.362500E+00,+2.143750E+00
+73.300E-03,+2.656250E+00,+2.050000E+00,+1.925000E+00
+73.400E-03,+3.250000E+00,+1.956250E+00,+2.050000E+00
+73.500E-03,+3.250000E+00,+2.175000E+00,+2.393750E+00
+73.600E-03,+2.781250E+00,+2.581250E+00,+2.768750E+00
+73.700E-03,+2.093750E+00,+2.831250E+00,+3.050000E+00
+73.800E-03,+1.593750E+00,+2.893750E+00,+2.800000E+00
+73.900E-03,+1.625000E+00,+2.643750E+00,+2.393750E+00
+74.000E-03,+2.187500E+00,+2.268750E+00,+2.050000E+00
+74.100E-03,+2.875000E+00,+1.987500E+00,+1.956250E+00
+74.200E-03,+3.312500E+00,+2.018750E+00,+2.175000E+00
+74.300E-03,+3.125000E+00,+2.331250E+00,+2.581250E+00
+74.400E-03,+2.500000E+00,+2.706250E+00,+2.925000E+00
+74.500E-03,+1.812500E+00,+2.893750E+00,+2.956250E+00
+74.600E-03,+1.531250E+00,+2.862500E+00,+2.643750E+00
+74.700E-03,+1.812500E+00,+2.487500E+00,+2.237500E+00
+74.800E-03,+2.468750E+00,+2.112500E+00,+1.956250E+00
+74.900E-03,+3.156250E+00,+1.956250E+00,+1.987500E+00
+75.000E-03,+3.281250E+00,+2.112500E+00,+2.331250E+00
+75.100E-03,+2.906250E+00,+2.487500E+00,+2.768750E+00
+75.200E-03,+2.187500E+00,+2.800000E+00,+3.018750E+00
+75.300E-03,+1.625000E+00,+2.893750E+00,+2.831250E+00
+75.400E-03,+1.593750E+00,+2.675000E+00,+2.487500E+00
+75.500E-03,+2.125000E+00,+2.268750E+00,+2.112500E+00
+75.600E-03,+2.843750E+00,+2.018750E+00,+1.925000E+00
+75.700E-03,+3.312500E+00,+2.050000E+00,+2.112500E+00
+75.800E-03,+3.156250E+00,+2.331250E+00,+2.550000E+00
+75.900E-03,+2.531250E+00,+2.643750E+00,+2.862500E+00
+76.000E-03,+1.875000E+00,+2.893750E+00,+2.956250E+00
+76.100E-03,+1.531250E+00,+2.800000E+00,+2.675000E+00
+76.200E-03,+1.812500E+00,+2.425000E+00,+2.237500E+00
+76.300E-03,+2.500000E+00,+2.112500E+00,+1.956250E+00
+76.400E-03,+3.125000E+00,+1.987500E+00,+1.956250E+00
+76.500E-03,+3.312500E+00,+2.143750E+00,+2.331250E+00
+76.600E-03,+2.843750E+00,+2.487500E+00,+2.737500E+00
+76.700E-03,+2.125000E+00,+2.831250E+00,+2.925000E+00
+76.800E-03,+1.625000E+00,+2.862500E+00,+2.800000E+00
+76.900E-03,+1.625000E+00,+2.643750E+00,+2.425000E+00
+77.000E-03,+2.156250E+00,+2.237500E+00,+2.050000E+00
+77.100E-03,+2.875000E+00,+2.018750E+00,+1.925000E+00
+77.200E-03,+3.281250E+00,+2.050000E+00,+2.175000E+00
+77.300E-03,+3.062500E+00,+2.331250E+00,+2.581250E+00
+77.400E-03,+2.437500E+00,+2.737500E+00,+2.893750E+00
+77.500E-03,+1.781250E+00,+2.862500E+00,+2.925000E+00
+77.600E-03,+1.500000E+00,+2.737500E+00,+2.581250E+00
+77.700E-03,+1.968750E+00,+2.425000E+00,+2.206250E+00
+77.800E-03,+2.656250E+00,+2.112500E+00,+1.956250E+00
+77.900E-03,+3.218750E+00,+1.987500E+00,+2.081250E+00
+78.000E-03,+3.250000E+00,+2.206250E+00,+2.425000E+00
+78.100E-03,+2.718750E+00,+2.581250E+00,+2.800000E+00
+78.200E-03,+1.968750E+00,+2.862500E+00,+2.925000E+00
+78.300E-03,+1.562500E+00,+2.831250E+00,+2.737500E+00
+78.400E-03,+1.687500E+00,+2.518750E+00,+2.331250E+00
+78.500E-03,+2.343750E+00,+2.206250E+00,+1.987500E+00
+78.600E-03,+3.062500E+00,+1.987500E+00,+2.018750E+00
+78.700E-03,+3.281250E+00,+2.112500E+00,+2.300000E+00
+78.800E-03,+2.968750E+00,+2.456250E+00,+2.675000E+00
+78.900E-03,+2.218750E+00,+2.768750E+00,+2.956250E+00
+79.000E-03,+1.625000E+00,+2.862500E+00,+2.862500E+00
+79.100E-03,+1.562500E+00,+2.675000E+00,+2.487500E+00
+79.200E-03,+2.156250E+00,+2.268750E+00,+2.112500E+00
+79.300E-03,+2.875000E+00,+2.050000E+00,+1.956250E+00
+79.400E-03,+3.281250E+00,+2.050000E+00,+2.143750E+00
+79.500E-03,+3.125000E+00,+2.331250E+00,+2.550000E+00
+79.600E-03,+2.468750E+00,+2.675000E+00,+2.862500E+00
+79.700E-03,+1.750000E+00,+2.862500E+00,+2.893750E+00
+79.800E-03,+1.531250E+00,+2.737500E+00,+2.581250E+00
+79.900E-03,+1.937500E+00,+2.393750E+00,+2.206250E+00
+80.000E-03,+2.718750E+00,+2.050000E+00,+1.987500E+00
+80.100E-03,+3.218750E+00,+2.050000E+00,+2.112500E+00
+80.200E-03,+3.218750E+00,+2.237500E+00,+2.487500E+00
+80.300E-03,+2.593750E+00,+2.643750E+00,+2.862500E+00
+80.400E-03,+1.906250E+00,+2.831250E+00,+2.925000E+00
+80.500E-03,+1.531250E+00,+2.800000E+00,+2.706250E+00
+80.600E-03,+1.812500E+00,+2.487500E+00,+2.300000E+00
+80.700E-03,+2.500000E+00,+2.112500E+00,+1.987500E+00
+80.800E-03,+3.156250E+00,+2.018750E+00,+2.018750E+00
+80.900E-03,+3.281250E+00,+2.206250E+00,+2.362500E+00
+81.000E-03,+2.781250E+00,+2.518750E+00,+2.737500E+00
+81.100E-03,+2.031250E+00,+2.831250E+00,+2.925000E+00
+81.200E-03,+1.531250E+00,+2.800000E+00,+2.737500E+00
+81.300E-03,+1.687500E+00,+2.581250E+00,+2.362500E+00
+81.400E-03,+2.343750E+00,+2.237500E+00,+2.050000E+00
+81.500E-03,+3.093750E+00,+2.018750E+00,+2.018750E+00
+81.600E-03,+3.281250E+00,+2.112500E+00,+2.268750E+00
+81.700E-03,+2.906250E+00,+2.456250E+00,+2.706250E+00
+81.800E-03,+2.156250E+00,+2.768750E+00,+2.893750E+00
+81.900E-03,+1.562500E+00,+2.831250E+00,+2.800000E+00
+82.000E-03,+1.593750E+00,+2.612500E+00,+2.425000E+00
+82.100E-03,+2.218750E+00,+2.268750E+00,+2.081250E+00
+82.200E-03,+2.937500E+00,+2.018750E+00,+1.987500E+00
+82.300E-03,+3.281250E+00,+2.081250E+00,+2.237500E+00
+82.400E-03,+3.000000E+00,+2.393750E+00,+2.643750E+00
+82.500E-03,+2.250000E+00,+2.737500E+00,+2.893750E+00
+82.600E-03,+1.625000E+00,+2.831250E+00,+2.862500E+00
+82.700E-03,+1.593750E+00,+2.643750E+00,+2.487500E+00
+82.800E-03,+2.156250E+00,+2.331250E+00,+2.112500E+00
+82.900E-03,+2.906250E+00,+2.050000E+00,+1.987500E+00
+83.000E-03,+3.281250E+00,+2.050000E+00,+2.206250E+00
+83.100E-03,+3.062500E+00,+2.362500E+00,+2.581250E+00
+83.200E-03,+2.312500E+00,+2.675000E+00,+2.862500E+00
+83.300E-03,+1.656250E+00,+2.831250E+00,+2.893750E+00
+83.400E-03,+1.562500E+00,+2.706250E+00,+2.518750E+00
+83.500E-03,+2.062500E+00,+2.362500E+00,+2.143750E+00
+83.600E-03,+2.843750E+00,+2.050000E+00,+1.987500E+00
+83.700E-03,+3.312500E+00,+2.081250E+00,+2.143750E+00
+83.800E-03,+3.125000E+00,+2.300000E+00,+2.550000E+00
+83.900E-03,+2.406250E+00,+2.675000E+00,+2.831250E+00
+84.000E-03,+1.750000E+00,+2.831250E+00,+2.862500E+00
+84.100E-03,+1.531250E+00,+2.675000E+00,+2.550000E+00
+84.200E-03,+2.062500E+00,+2.393750E+00,+2.206250E+00
+84.300E-03,+2.781250E+00,+2.081250E+00,+2.018750E+00
+84.400E-03,+3.281250E+00,+2.112500E+00,+2.175000E+00
+84.500E-03,+3.125000E+00,+2.362500E+00,+2.550000E+00
+84.600E-03,+2.468750E+00,+2.675000E+00,+2.831250E+00
+84.700E-03,+1.750000E+00,+2.831250E+00,+2.862500E+00
+84.800E-03,+1.562500E+00,+2.675000E+00,+2.550000E+00
+84.900E-03,+2.062500E+00,+2.425000E+00,+2.206250E+00
+85.000E-03,+2.843750E+00,+2.081250E+00,+1.987500E+00
+85.100E-03,+3.312500E+00,+2.050000E+00,+2.175000E+00
+85.200E-03,+3.093750E+00,+2.331250E+00,+2.550000E+00
+85.300E-03,+2.437500E+00,+2.675000E+00,+2.831250E+00
+85.400E-03,+1.750000E+00,+2.831250E+00,+2.831250E+00
+85.500E-03,+1.531250E+00,+2.675000E+00,+2.550000E+00
+85.600E-03,+2.031250E+00,+2.393750E+00,+2.175000E+00
+85.700E-03,+2.812500E+00,+2.112500E+00,+1.956250E+00
+85.800E-03,+3.281250E+00,+2.050000E+00,+2.175000E+00
+85.900E-03,+3.062500E+00,+2.300000E+00,+2.550000E+00
+86.000E-03,+2.437500E+00,+2.675000E+00,+2.862500E+00
+86.100E-03,+1.718750E+00,+2.800000E+00,+2.862500E+00
+86.200E-03,+1.531250E+00,+2.675000E+00,+2.550000E+00
+86.300E-03,+2.093750E+00,+2.393750E+00,+2.175000E+00
+86.400E-03,+2.875000E+00,+2.081250E+00,+1.987500E+00
+86.500E-03,+3.281250E+00,+2.112500E+00,+2.143750E+00
+86.600E-03,+3.093750E+00,+2.362500E+00,+2.550000E+00
+86.700E-03,+2.343750E+00,+2.675000E+00,+2.831250E+00
+86.800E-03,+1.656250E+00,+2.862500E+00,+2.800000E+00
+86.900E-03,+1.562500E+00,+2.643750E+00,+2.518750E+00
+87.000E-03,+2.125000E+00,+2.362500E+00,+2.143750E+00
+87.100E-03,+2.937500E+00,+2.112500E+00,+2.018750E+00
+87.200E-03,+3.312500E+00,+2.112500E+00,+2.175000E+00
+87.300E-03,+3.062500E+00,+2.362500E+00,+2.612500E+00
+87.400E-03,+2.281250E+00,+2.737500E+00,+2.862500E+00
+87.500E-03,+1.656250E+00,+2.800000E+00,+2.831250E+00
+87.600E-03,+1.593750E+00,+2.643750E+00,+2.456250E+00
+87.700E-03,+2.218750E+00,+2.300000E+00,+2.143750E+00
+87.800E-03,+2.968750E+00,+2.081250E+00,+2.018750E+00
+87.900E-03,+3.343750E+00,+2.143750E+00,+2.268750E+00
+88.000E-03,+3.000000E+00,+2.393750E+00,+2.643750E+00
+88.100E-03,+2.156250E+00,+2.706250E+00,+2.831250E+00
+88.200E-03,+1.593750E+00,+2.800000E+00,+2.768750E+00
+88.300E-03,+1.625000E+00,+2.612500E+00,+2.425000E+00
+88.400E-03,+2.343750E+00,+2.237500E+00,+2.112500E+00
+88.500E-03,+3.062500E+00,+2.081250E+00,+2.050000E+00
+88.600E-03,+3.281250E+00,+2.175000E+00,+2.331250E+00
+88.700E-03,+2.875000E+00,+2.487500E+00,+2.643750E+00
+88.800E-03,+2.062500E+00,+2.737500E+00,+2.862500E+00
+88.900E-03,+1.531250E+00,+2.768750E+00,+2.706250E+00
+89.000E-03,+1.750000E+00,+2.550000E+00,+2.362500E+00
+89.100E-03,+2.468750E+00,+2.237500E+00,+2.081250E+00
+89.200E-03,+3.156250E+00,+2.050000E+00,+2.050000E+00
+89.300E-03,+3.250000E+00,+2.206250E+00,+2.362500E+00
+89.400E-03,+2.687500E+00,+2.550000E+00,+2.768750E+00
+89.500E-03,+1.937500E+00,+2.737500E+00,+2.862500E+00
+89.600E-03,+1.500000E+00,+2.737500E+00,+2.643750E+00
+89.700E-03,+1.812500E+00,+2.550000E+00,+2.268750E+00
+89.800E-03,+2.625000E+00,+2.175000E+00,+2.050000E+00
+89.900E-03,+3.218750E+00,+2.081250E+00,+2.112500E+00
+90.000E-03,+3.218750E+00,+2.237500E+00,+2.456250E+00
+90.100E-03,+2.562500E+00,+2.612500E+00,+2.800000E+00
+90.200E-03,+1.750000E+00,+2.737500E+00,+2.862500E+00
+90.300E-03,+1.562500E+00,+2.706250E+00,+2.581250E+00
+90.400E-03,+2.000000E+00,+2.425000E+00,+2.237500E+00
+90.500E-03,+2.812500E+00,+2.143750E+00,+2.018750E+00
+90.600E-03,+3.281250E+00,+2.112500E+00,+2.175000E+00
+90.700E-03,+3.093750E+00,+2.331250E+00,+2.550000E+00
+90.800E-03,+2.375000E+00,+2.612500E+00,+2.800000E+00
+90.900E-03,+1.656250E+00,+2.768750E+00,+2.800000E+00
+91.000E-03,+1.625000E+00,+2.643750E+00,+2.518750E+00
+91.100E-03,+2.187500E+00,+2.331250E+00,+2.112500E+00
+91.200E-03,+2.968750E+00,+2.112500E+00,+2.018750E+00
+91.300E-03,+3.312500E+00,+2.143750E+00,+2.268750E+00
+91.400E-03,+2.937500E+00,+2.425000E+00,+2.612500E+00
+91.500E-03,+2.125000E+00,+2.706250E+00,+2.831250E+00
+91.600E-03,+1.562500E+00,+2.800000E+00,+2.737500E+00
+91.700E-03,+1.687500E+00,+2.550000E+00,+2.393750E+00
+91.800E-03,+2.343750E+00,+2.237500E+00,+2.081250E+00
+91.900E-03,+3.156250E+00,+2.112500E+00,+2.081250E+00
+92.000E-03,+3.250000E+00,+2.175000E+00,+2.362500E+00
+92.100E-03,+2.718750E+00,+2.487500E+00,+2.737500E+00
+92.200E-03,+1.937500E+00,+2.768750E+00,+2.831250E+00
+92.300E-03,+1.500000E+00,+2.706250E+00,+2.643750E+00
+92.400E-03,+1.906250E+00,+2.487500E+00,+2.300000E+00
+92.500E-03,+2.656250E+00,+2.175000E+00,+2.050000E+00
+92.600E-03,+3.218750E+00,+2.112500E+00,+2.112500E+00
+92.700E-03,+3.187500E+00,+2.268750E+00,+2.487500E+00
+92.800E-03,+2.468750E+00,+2.612500E+00,+2.800000E+00
+92.900E-03,+1.750000E+00,+2.800000E+00,+2.800000E+00
+93.000E-03,+1.562500E+00,+2.643750E+00,+2.518750E+00
+93.100E-03,+2.093750E+00,+2.393750E+00,+2.175000E+00
+93.200E-03,+2.875000E+00,+2.112500E+00,+2.018750E+00
+93.300E-03,+3.312500E+00,+2.143750E+00,+2.268750E+00
+93.400E-03,+3.000000E+00,+2.425000E+00,+2.612500E+00
+93.500E-03,+2.187500E+00,+2.706250E+00,+2.831250E+00
+93.600E-03,+1.562500E+00,+2.768750E+00,+2.737500E+00
+93.700E-03,+1.718750E+00,+2.581250E+00,+2.393750E+00
+93.800E-03,+2.406250E+00,+2.237500E+00,+2.081250E+00
+93.900E-03,+3.156250E+00,+2.112500E+00,+2.081250E+00
+94.000E-03,+3.281250E+00,+2.175000E+00,+2.362500E+00
+94.100E-03,+2.687500E+00,+2.518750E+00,+2.706250E+00
+94.200E-03,+1.937500E+00,+2.737500E+00,+2.831250E+00
+94.300E-03,+1.500000E+00,+2.706250E+00,+2.643750E+00
+94.400E-03,+1.906250E+00,+2.487500E+00,+2.237500E+00
+94.500E-03,+2.687500E+00,+2.175000E+00,+2.050000E+00
+94.600E-03,+3.250000E+00,+2.112500E+00,+2.143750E+00
+94.700E-03,+3.156250E+00,+2.300000E+00,+2.518750E+00
+94.800E-03,+2.375000E+00,+2.675000E+00,+2.800000E+00
+94.900E-03,+1.656250E+00,+2.768750E+00,+2.800000E+00
+95.000E-03,+1.593750E+00,+2.643750E+00,+2.487500E+00
+95.100E-03,+2.218750E+00,+2.331250E+00,+2.143750E+00
+95.200E-03,+3.000000E+00,+2.143750E+00,+2.081250E+00
+95.300E-03,+3.343750E+00,+2.175000E+00,+2.300000E+00
+95.400E-03,+2.843750E+00,+2.456250E+00,+2.643750E+00
+95.500E-03,+2.000000E+00,+2.737500E+00,+2.831250E+00
+95.600E-03,+1.531250E+00,+2.768750E+00,+2.675000E+00
+95.700E-03,+1.781250E+00,+2.550000E+00,+2.331250E+00
+95.800E-03,+2.593750E+00,+2.175000E+00,+2.081250E+00
+95.900E-03,+3.218750E+00,+2.112500E+00,+2.112500E+00
+96.000E-03,+3.156250E+00,+2.268750E+00,+2.456250E+00
+96.100E-03,+2.531250E+00,+2.581250E+00,+2.768750E+00
+96.200E-03,+1.750000E+00,+2.768750E+00,+2.768750E+00
+96.300E-03,+1.531250E+00,+2.706250E+00,+2.518750E+00
+96.400E-03,+2.125000E+00,+2.393750E+00,+2.175000E+00
+96.500E-03,+2.937500E+00,+2.112500E+00,+2.081250E+00
+96.600E-03,+3.312500E+00,+2.175000E+00,+2.268750E+00
+96.700E-03,+2.937500E+00,+2.425000E+00,+2.612500E+00
+96.800E-03,+2.125000E+00,+2.706250E+00,+2.831250E+00
+96.900E-03,+1.500000E+00,+2.768750E+00,+2.675000E+00
+97.000E-03,+1.750000E+00,+2.550000E+00,+2.331250E+00
+97.100E-03,+2.531250E+00,+2.237500E+00,+2.112500E+00
+97.200E-03,+3.218750E+00,+2.081250E+00,+2.143750E+00
+97.300E-03,+3.218750E+00,+2.268750E+00,+2.456250E+00
+97.400E-03,+2.562500E+00,+2.550000E+00,+2.737500E+00
+97.500E-03,+1.781250E+00,+2.768750E+00,+2.800000E+00
+97.600E-03,+1.562500E+00,+2.675000E+00,+2.550000E+00
+97.700E-03,+2.093750E+00,+2.362500E+00,+2.206250E+00
+97.800E-03,+2.906250E+00,+2.143750E+00,+2.081250E+00
+97.900E-03,+3.312500E+00,+2.175000E+00,+2.237500E+00
+98.000E-03,+2.937500E+00,+2.393750E+00,+2.612500E+00
+98.100E-03,+2.156250E+00,+2.675000E+00,+2.831250E+00
+98.200E-03,+1.531250E+00,+2.737500E+00,+2.706250E+00
+98.300E-03,+1.750000E+00,+2.550000E+00,+2.362500E+00
+98.400E-03,+2.500000E+00,+2.237500E+00,+2.112500E+00
+98.500E-03,+3.218750E+00,+2.112500E+00,+2.143750E+00
+98.600E-03,+3.250000E+00,+2.300000E+00,+2.425000E+00
+98.700E-03,+2.531250E+00,+2.581250E+00,+2.737500E+00
+98.800E-03,+1.718750E+00,+2.768750E+00,+2.800000E+00
+98.900E-03,+1.593750E+00,+2.675000E+00,+2.550000E+00
+99.000E-03,+2.156250E+00,+2.362500E+00,+2.175000E+00
+99.100E-03,+2.968750E+00,+2.143750E+00,+2.081250E+00
+99.200E-03,+3.312500E+00,+2.175000E+00,+2.268750E+00
+99.300E-03,+2.843750E+00,+2.425000E+00,+2.675000E+00
+99.400E-03,+2.031250E+00,+2.706250E+00,+2.862500E+00
+99.500E-03,+1.531250E+00,+2.737500E+00,+2.675000E+00
+99.600E-03,+1.812500E+00,+2.487500E+00,+2.300000E+00
+99.700E-03,+2.593750E+00,+2.237500E+00,+2.081250E+00
+99.800E-03,+3.250000E+00,+2.112500E+00,+2.175000E+00
+99.900E-03,+3.187500E+00,+2.300000E+00,+2.456250E+00
+100.000E-03,+2.375000E+00,+2.612500E+00,+2.768750E+00
+100.100E-03,+1.656250E+00,+2.768750E+00,+2.768750E+00
+100.200E-03,+1.593750E+00,+2.643750E+00,+2.487500E+00
+100.300E-03,+2.250000E+00,+2.331250E+00,+2.143750E+00
+100.400E-03,+3.093750E+00,+2.112500E+00,+2.143750E+00
+100.500E-03,+3.281250E+00,+2.175000E+00,+2.331250E+00
+100.600E-03,+2.781250E+00,+2.487500E+00,+2.675000E+00
+100.700E-03,+1.968750E+00,+2.768750E+00,+2.831250E+00
+100.800E-03,+1.562500E+00,+2.737500E+00,+2.612500E+00
+100.900E-03,+1.937500E+00,+2.456250E+00,+2.268750E+00
+101.000E-03,+2.812500E+00,+2.175000E+00,+2.112500E+00
+101.100E-03,+3.312500E+00,+2.112500E+00,+2.206250E+00
+101.200E-03,+3.062500E+00,+2.362500E+00,+2.550000E+00
+101.300E-03,+2.218750E+00,+2.675000E+00,+2.800000E+00
+101.400E-03,+1.593750E+00,+2.737500E+00,+2.737500E+00
+101.500E-03,+1.718750E+00,+2.581250E+00,+2.425000E+00
+101.600E-03,+2.437500E+00,+2.268750E+00,+2.175000E+00
+101.700E-03,+3.187500E+00,+2.112500E+00,+2.112500E+00
+101.800E-03,+3.187500E+00,+2.268750E+00,+2.425000E+00
+101.900E-03,+2.531250E+00,+2.550000E+00,+2.737500E+00
+102.000E-03,+1.781250E+00,+2.768750E+00,+2.800000E+00
+102.100E-03,+1.562500E+00,+2.612500E+00,+2.550000E+00
+102.200E-03,+2.156250E+00,+2.393750E+00,+2.206250E+00
+102.300E-03,+3.000000E+00,+2.175000E+00,+2.081250E+00
+102.400E-03,+3.312500E+00,+2.175000E+00,+2.300000E+00
+102.500E-03,+2.875000E+00,+2.456250E+00,+2.612500E+00
+102.600E-03,+2.031250E+00,+2.706250E+00,+2.831250E+00
+102.700E-03,+1.500000E+00,+2.675000E+00,+2.643750E+00
+102.800E-03,+1.937500E+00,+2.487500E+00,+2.331250E+00
+102.900E-03,+2.687500E+00,+2.206250E+00,+2.112500E+00
+103.000E-03,+3.250000E+00,+2.143750E+00,+2.175000E+00
+103.100E-03,+3.062500E+00,+2.362500E+00,+2.518750E+00
+103.200E-03,+2.281250E+00,+2.643750E+00,+2.800000E+00
+103.300E-03,+1.593750E+00,+2.706250E+00,+2.706250E+00
+103.400E-03,+1.656250E+00,+2.581250E+00,+2.425000E+00
+103.500E-03,+2.437500E+00,+2.268750E+00,+2.175000E+00
+103.600E-03,+3.156250E+00,+2.112500E+00,+2.112500E+00
+103.700E-03,+3.250000E+00,+2.268750E+00,+2.393750E+00
+103.800E-03,+2.531250E+00,+2.550000E+00,+2.737500E+00
+103.900E-03,+1.750000E+00,+2.737500E+00,+2.800000E+00
+104.000E-03,+1.562500E+00,+2.643750E+00,+2.487500E+00
+104.100E-03,+2.187500E+00,+2.362500E+00,+2.175000E+00
+104.200E-03,+3.031250E+00,+2.143750E+00,+2.081250E+00
+104.300E-03,+3.312500E+00,+2.206250E+00,+2.331250E+00
+104.400E-03,+2.781250E+00,+2.456250E+00,+2.675000E+00
+104.500E-03,+1.968750E+00,+2.706250E+00,+2.800000E+00
+104.600E-03,+1.531250E+00,+2.675000E+00,+2.612500E+00
+104.700E-03,+1.906250E+00,+2.425000E+00,+2.268750E+00
+104.800E-03,+2.812500E+00,+2.175000E+00,+2.081250E+00
+104.900E-03,+3.281250E+00,+2.143750E+00,+2.237500E+00
+105.000E-03,+3.000000E+00,+2.362500E+00,+2.581250E+00
+105.100E-03,+2.187500E+00,+2.675000E+00,+2.800000E+00
+105.200E-03,+1.531250E+00,+2.706250E+00,+2.706250E+00
+105.300E-03,+1.750000E+00,+2.550000E+00,+2.362500E+00
+105.400E-03,+2.593750E+00,+2.237500E+00,+2.112500E+00
+105.500E-03,+3.218750E+00,+2.112500E+00,+2.175000E+00
+105.600E-03,+3.156250E+00,+2.331250E+00,+2.487500E+00
+105.700E-03,+2.343750E+00,+2.581250E+00,+2.768750E+00
+105.800E-03,+1.593750E+00,+2.737500E+00,+2.768750E+00
+105.900E-03,+1.625000E+00,+2.612500E+00,+2.425000E+00
+106.000E-03,+2.343750E+00,+2.300000E+00,+2.175000E+00
+106.100E-03,+3.156250E+00,+2.143750E+00,+2.081250E+00
+106.200E-03,+3.250000E+00,+2.268750E+00,+2.393750E+00
+106.300E-03,+2.562500E+00,+2.550000E+00,+2.706250E+00
+106.400E-03,+1.750000E+00,+2.737500E+00,+2.768750E+00
+106.500E-03,+1.562500E+00,+2.612500E+00,+2.487500E+00
+106.600E-03,+2.187500E+00,+2.362500E+00,+2.206250E+00
+106.700E-03,+3.031250E+00,+2.175000E+00,+2.112500E+00
+106.800E-03,+3.281250E+00,+2.237500E+00,+2.331250E+00
+106.900E-03,+2.750000E+00,+2.487500E+00,+2.643750E+00
+107.000E-03,+1.906250E+00,+2.675000E+00,+2.800000E+00
+107.100E-03,+1.531250E+00,+2.675000E+00,+2.581250E+00
+107.200E-03,+1.968750E+00,+2.425000E+00,+2.268750E+00
+107.300E-03,+2.875000E+00,+2.206250E+00,+2.081250E+00
+107.400E-03,+3.312500E+00,+2.175000E+00,+2.268750E+00
+107.500E-03,+2.906250E+00,+2.425000E+00,+2.612500E+00
+107.600E-03,+2.031250E+00,+2.675000E+00,+2.800000E+00
+107.700E-03,+1.500000E+00,+2.706250E+00,+2.643750E+00
+107.800E-03,+1.843750E+00,+2.487500E+00,+2.300000E+00
+107.900E-03,+2.687500E+00,+2.206250E+00,+2.081250E+00
+108.000E-03,+3.281250E+00,+2.143750E+00,+2.206250E+00
+108.100E-03,+3.062500E+00,+2.362500E+00,+2.550000E+00
+108.200E-03,+2.187500E+00,+2.643750E+00,+2.768750E+00
+108.300E-03,+1.562500E+00,+2.737500E+00,+2.706250E+00
+108.400E-03,+1.750000E+00,+2.550000E+00,+2.362500E+00
+108.500E-03,+2.593750E+00,+2.237500E+00,+2.112500E+00
+108.600E-03,+3.250000E+00,+2.112500E+00,+2.206250E+00
+108.700E-03,+3.125000E+00,+2.300000E+00,+2.487500E+00
+108.800E-03,+2.312500E+00,+2.581250E+00,+2.737500E+00
+108.900E-03,+1.625000E+00,+2.706250E+00,+2.737500E+00
+109.000E-03,+1.687500E+00,+2.581250E+00,+2.425000E+00
+109.100E-03,+2.437500E+00,+2.300000E+00,+2.175000E+00
+109.200E-03,+3.156250E+00,+2.175000E+00,+2.143750E+00
+109.300E-03,+3.187500E+00,+2.268750E+00,+2.425000E+00
+109.400E-03,+2.468750E+00,+2.550000E+00,+2.706250E+00
+109.500E-03,+1.687500E+00,+2.706250E+00,+2.768750E+00
+109.600E-03,+1.593750E+00,+2.612500E+00,+2.456250E+00
+109.700E-03,+2.281250E+00,+2.362500E+00,+2.143750E+00
+109.800E-03,+3.125000E+00,+2.143750E+00,+2.143750E+00
+109.900E-03,+3.250000E+00,+2.268750E+00,+2.393750E+00
+110.000E-03,+2.593750E+00,+2.518750E+00,+2.675000E+00
+110.100E-03,+1.750000E+00,+2.706250E+00,+2.800000E+00
+110.200E-03,+1.531250E+00,+2.643750E+00,+2.487500E+00
+110.300E-03,+2.218750E+00,+2.393750E+00,+2.206250E+00
+110.400E-03,+3.062500E+00,+2.175000E+00,+2.112500E+00
+110.500E-03,+3.281250E+00,+2.206250E+00,+2.362500E+00
+110.600E-03,+2.718750E+00,+2.487500E+00,+2.675000E+00
+110.700E-03,+1.812500E+00,+2.706250E+00,+2.768750E+00
+110.800E-03,+1.531250E+00,+2.643750E+00,+2.550000E+00
+110.900E-03,+2.093750E+00,+2.393750E+00,+2.237500E+00
+111.000E-03,+3.000000E+00,+2.206250E+00,+2.112500E+00
+111.100E-03,+3.281250E+00,+2.237500E+00,+2.300000E+00
+111.200E-03,+2.781250E+00,+2.456250E+00,+2.675000E+00
+111.300E-03,+1.843750E+00,+2.706250E+00,+2.768750E+00
+111.400E-03,+1.531250E+00,+2.675000E+00,+2.612500E+00
+111.500E-03,+2.000000E+00,+2.393750E+00,+2.237500E+00
+111.600E-03,+2.937500E+00,+2.206250E+00,+2.112500E+00
+111.700E-03,+3.312500E+00,+2.206250E+00,+2.300000E+00
+111.800E-03,+2.843750E+00,+2.456250E+00,+2.643750E+00
+111.900E-03,+2.031250E+00,+2.643750E+00,+2.800000E+00
+112.000E-03,+1.500000E+00,+2.706250E+00,+2.581250E+00
+112.100E-03,+1.968750E+00,+2.456250E+00,+2.268750E+00
+112.200E-03,+2.875000E+00,+2.206250E+00,+2.112500E+00
+112.300E-03,+3.312500E+00,+2.237500E+00,+2.268750E+00
+112.400E-03,+2.875000E+00,+2.425000E+00,+2.612500E+00
+112.500E-03,+2.000000E+00,+2.675000E+00,+2.768750E+00
+112.600E-03,+1.531250E+00,+2.675000E+00,+2.643750E+00
+112.700E-03,+1.968750E+00,+2.456250E+00,+2.300000E+00
+112.800E-03,+2.781250E+00,+2.237500E+00,+2.112500E+00
+112.900E-03,+3.281250E+00,+2.175000E+00,+2.268750E+00
+113.000E-03,+2.906250E+00,+2.393750E+00,+2.612500E+00
+113.100E-03,+2.062500E+00,+2.675000E+00,+2.800000E+00
+113.200E-03,+1.562500E+00,+2.706250E+00,+2.643750E+00
+113.300E-03,+1.875000E+00,+2.487500E+00,+2.331250E+00
+113.400E-03,+2.781250E+00,+2.237500E+00,+2.112500E+00
+113.500E-03,+3.281250E+00,+2.175000E+00,+2.237500E+00
+113.600E-03,+2.937500E+00,+2.362500E+00,+2.550000E+00
+113.700E-03,+2.125000E+00,+2.643750E+00,+2.737500E+00
+113.800E-03,+1.562500E+00,+2.706250E+00,+2.675000E+00
+113.900E-03,+1.843750E+00,+2.487500E+00,+2.331250E+00
+114.000E-03,+2.781250E+00,+2.237500E+00,+2.112500E+00
+114.100E-03,+3.281250E+00,+2.175000E+00,+2.237500E+00
+114.200E-03,+2.968750E+00,+2.393750E+00,+2.550000E+00
+114.300E-03,+2.062500E+00,+2.675000E+00,+2.768750E+00
+114.400E-03,+1.531250E+00,+2.675000E+00,+2.612500E+00
+114.500E-03,+1.875000E+00,+2.456250E+00,+2.331250E+00
+114.600E-03,+2.718750E+00,+2.237500E+00,+2.143750E+00
+114.700E-03,+3.312500E+00,+2.175000E+00,+2.237500E+00
+114.800E-03,+2.937500E+00,+2.393750E+00,+2.581250E+00
+114.900E-03,+2.062500E+00,+2.643750E+00,+2.768750E+00
+115.000E-03,+1.500000E+00,+2.675000E+00,+2.643750E+00
+115.100E-03,+1.875000E+00,+2.487500E+00,+2.331250E+00
+115.200E-03,+2.750000E+00,+2.237500E+00,+2.143750E+00
+115.300E-03,+3.312500E+00,+2.175000E+00,+2.268750E+00
+115.400E-03,+3.000000E+00,+2.393750E+00,+2.550000E+00
+115.500E-03,+2.093750E+00,+2.612500E+00,+2.737500E+00
+115.600E-03,+1.562500E+00,+2.706250E+00,+2.643750E+00
+115.700E-03,+1.875000E+00,+2.518750E+00,+2.300000E+00
+115.800E-03,+2.750000E+00,+2.206250E+00,+2.112500E+00
+115.900E-03,+3.281250E+00,+2.206250E+00,+2.268750E+00
+116.000E-03,+2.968750E+00,+2.393750E+00,+2.612500E+00
+116.100E-03,+2.093750E+00,+2.612500E+00,+2.737500E+00
+116.200E-03,+1.531250E+00,+2.675000E+00,+2.643750E+00
+116.300E-03,+1.937500E+00,+2.487500E+00,+2.331250E+00
+116.400E-03,+2.781250E+00,+2.237500E+00,+2.112500E+00
+116.500E-03,+3.312500E+00,+2.175000E+00,+2.237500E+00
+116.600E-03,+2.906250E+00,+2.393750E+00,+2.581250E+00
+116.700E-03,+2.062500E+00,+2.643750E+00,+2.737500E+00
+116.800E-03,+1.531250E+00,+2.675000E+00,+2.581250E+00
+116.900E-03,+1.937500E+00,+2.425000E+00,+2.300000E+00
+117.000E-03,+2.812500E+00,+2.206250E+00,+2.112500E+00
+117.100E-03,+3.312500E+00,+2.206250E+00,+2.300000E+00
+117.200E-03,+2.875000E+00,+2.425000E+00,+2.581250E+00
+117.300E-03,+2.000000E+00,+2.675000E+00,+2.768750E+00
+117.400E-03,+1.500000E+00,+2.675000E+00,+2.612500E+00
+117.500E-03,+2.000000E+00,+2.425000E+00,+2.331250E+00
+117.600E-03,+2.906250E+00,+2.206250E+00,+2.112500E+00
+117.700E-03,+3.281250E+00,+2.175000E+00,+2.268750E+00
+117.800E-03,+2.812500E+00,+2.456250E+00,+2.612500E+00
+117.900E-03,+1.968750E+00,+2.643750E+00,+2.768750E+00
+118.000E-03,+1.500000E+00,+2.643750E+00,+2.581250E+00
+118.100E-03,+2.062500E+00,+2.456250E+00,+2.268750E+00
+118.200E-03,+2.937500E+00,+2.237500E+00,+2.112500E+00
+118.300E-03,+3.312500E+00,+2.206250E+00,+2.331250E+00
+118.400E-03,+2.750000E+00,+2.487500E+00,+2.643750E+00
+118.500E-03,+1.843750E+00,+2.706250E+00,+2.768750E+00
+118.600E-03,+1.531250E+00,+2.643750E+00,+2.581250E+00
+118.700E-03,+2.156250E+00,+2.393750E+00,+2.268750E+00
+118.800E-03,+3.031250E+00,+2.206250E+00,+2.143750E+00
+118.900E-03,+3.281250E+00,+2.237500E+00,+2.362500E+00
+119.000E-03,+2.687500E+00,+2.487500E+00,+2.675000E+00
+119.100E-03,+1.781250E+00,+2.675000E+00,+2.737500E+00
+119.200E-03,+1.531250E+00,+2.612500E+00,+2.518750E+00
+119.300E-03,+2.218750E+00,+2.393750E+00,+2.237500E+00
+119.400E-03,+3.062500E+00,+2.175000E+00,+2.143750E+00
+119.500E-03,+3.250000E+00,+2.268750E+00,+2.362500E+00
+119.600E-03,+2.593750E+00,+2.487500E+00,+2.706250E+00
+119.700E-03,+1.781250E+00,+2.675000E+00,+2.706250E+00
